"","Grouping","ANOSIM R","p"
"1","Sample","0.888233445566779","1e-04"
"2","Species","0.854419802600658","1e-04"
"3","Genus","0.711385525966984","1e-04"
"4","Family","0.242358146598712","1e-04"
"5","Order","0.0554038907269118","0.0767"
"6","Class","0.0552389303201507","0.0694"
"7","Phylum","-0.0142792640382318","0.6401"
"8","Kingdom","0.0143402383787397","0.3451"
"9","Domain","0.392443848055289","1e-04"
