"","Grouping","ANOSIM R","p"
"1","Sample_ID","0.923292121212121","1e-04"
"2","Species","0.903168165439449","1e-04"
"3","Genus","0.731127663573925","1e-04"
"4","Family","0.222347763377342","1e-04"
"5","Order","0.0120854825597883","0.372"
"6","Class","0.0138392467043315","0.3454"
"7","Phylum","-0.0405373094384707","0.8614"
"8","Kingdom","-0.0205705741106289","0.6998"
"9","Domain","0.329667961458911","2e-04"
